_C file and more dirs get 100,100,GREAT_JOB
_C file more dirs get 100,100,GREAT_JOB
_no c file only files gets 0,0,NO_C_FILE
bad output 1 gets 60,60,BAD_OUTPUT
bad output 2 gets 60,60,BAD_OUTPUT
Compilation Error gets 20,20,COMPILATION_ERROR
compilation error2  gets 20,20,COMPILATION_ERROR
Great Job2 100,100,GREAT_JOB
Great Job3 100,100,GREAT_JOB
Great Job5 100,100,GREAT_JOB
NO C FILE gets 0,0,NO_C_FILE
no files gets 0,0,NO_C_FILE
similar output gets 80,80,SIMILAR_OUTPUT
TIMEOUT gets 40,40,TIMEOUT
TIMEOUT3 gets 40,40,TIMEOUT